{"cameraMode":{"drawMode":0,"name":"Shaded","section":"Shading Mode"},"sceneLighting":false,"audioPlay":false,"sceneViewState":{"showFog":false,"showMaterialUpdate":false,"showSkybox":false,"showFlares":false,"showImageEffects":false,"showParticleSystems":false},"in2DMode":false,"pivot":{"x":-4.592490196228027,"y":4.018789291381836,"z":13.752530097961426},"rotation":{"x":0.16438144445419312,"y":-0.22135061025619508,"z":0.037882450968027118,"w":0.9604954123497009},"size":4.305037021636963,"orthographic":false}